CRIME_TYPE,description,TOTAL_CRIME_TYPES
THEFT,$500 AND UNDER,606867
BATTERY,DOMESTIC BATTERY SIMPLE,584017
BATTERY,SIMPLE,544061
CRIMINAL DAMAGE,TO VEHICLE,398757
CRIMINAL DAMAGE,TO PROPERTY,394248
THEFT,OVER $500,388669
ASSAULT,SIMPLE,330230
BURGLARY,FORCIBLE ENTRY,278706
NARCOTICS,POSS: CANNABIS 30GMS OR LESS,278140
MOTOR VEHICLE THEFT,AUTOMOBILE,273558
THEFT,FROM BUILDING,247957
THEFT,RETAIL THEFT,191941
OTHER OFFENSE,TELEPHONE THREAT,145286
CRIMINAL TRESPASS,TO LAND,128435
NARCOTICS,POSS: CRACK,121112
BURGLARY,UNLAWFUL ENTRY,111790
OTHER OFFENSE,HARASSMENT BY TELEPHONE,107755
NARCOTICS,POSS: HEROIN(WHITE),95786
ROBBERY,ARMED: HANDGUN,93570
ROBBERY,STRONGARM - NO WEAPON,91938
BATTERY,AGGRAVATED: OTHER DANG WEAPON,70121
DECEPTIVE PRACTICE,CREDIT CARD FRAUD,61807
WEAPONS VIOLATION,UNLAWFUL POSS OF HANDGUN,52235
ASSAULT,AGGRAVATED: HANDGUN,49055
PROSTITUTION,SOLICIT ON PUBLIC WAY,48271
THEFT,FINANCIAL ID THEFT: OVER $300,44529
DECEPTIVE PRACTICE,FINANCIAL IDENTITY THEFT OVER $ 300,39932
OTHER OFFENSE,OTHER VEHICLE OFFENSE,39905
DECEPTIVE PRACTICE,FRAUD OR CONFIDENCE GAME,39624
OTHER OFFENSE,VIOLATE ORDER OF PROTECTION,38474
THEFT,POCKET-PICKING,37710
CRIMINAL TRESPASS,TO STATE SUP LAND,37172
BATTERY,AGGRAVATED: HANDGUN,36935
CRIMINAL DAMAGE,CRIMINAL DEFACEMENT,35883
DECEPTIVE PRACTICE,ILLEGAL USE CASH CARD,35390
DECEPTIVE PRACTICE,THEFT OF LABOR/SERVICES,32353
ASSAULT,AGGRAVATED:KNIFE/CUTTING INSTR,31763
OTHER OFFENSE,HARASSMENT BY ELECTRONIC MEANS,31494
PUBLIC PEACE VIOLATION,RECKLESS CONDUCT,30671
CRIMINAL TRESPASS,TO RESIDENCE,28274
BATTERY,AGGRAVATED:KNIFE/CUTTING INSTR,27914
NARCOTICS,SOLICIT NARCOTICS ON PUBLICWAY,27854
NARCOTICS,MANU/DELIVER: HEROIN (WHITE),26446
ASSAULT,AGGRAVATED: OTHER DANG WEAPON,26336
NARCOTICS,POSS: COCAINE,25470
NARCOTICS,MANU/DELIVER:CRACK,24949
MOTOR VEHICLE THEFT,"TRUCK, BUS, MOTOR HOME",24905
MOTOR VEHICLE THEFT,THEFT/RECOVERY: AUTOMOBILE,23324
OTHER OFFENSE,FALSE/STOLEN/ALTERED TRP,21866
NARCOTICS,ATTEMPT POSSESSION NARCOTICS,21365
DECEPTIVE PRACTICE,FINANCIAL IDENTITY THEFT $300 AND UNDER,19841
BATTERY,AGGRAVATED DOMESTIC BATTERY: OTHER DANG WEAPON,19705
NARCOTICS,POSS: CANNABIS MORE THAN 30GMS,19092
NARCOTICS,FOUND SUSPECT NARCOTICS,19028
DECEPTIVE PRACTICE,FORGERY,18978
BURGLARY,ATTEMPT FORCIBLE ENTRY,18153
THEFT,PURSE-SNATCHING,17824
BATTERY,PRO EMP HANDS NO/MIN INJURY,16042
CRIM SEXUAL ASSAULT,NON-AGGRAVATED,15630
DECEPTIVE PRACTICE,BOGUS CHECK,15525
OFFENSE INVOLVING CHILDREN,CHILD ABUSE,15456
THEFT,FINANCIAL ID THEFT:$300 &UNDER,15206
ASSAULT,PRO EMP HANDS NO/MIN INJURY,15150
CRIMINAL DAMAGE,TO CITY OF CHICAGO PROPERTY,14980
PROSTITUTION,SOLICIT FOR BUSINESS,14753
CRIMINAL TRESPASS,TO VEHICLE,14133
ROBBERY,AGGRAVATED,14060
BATTERY,AGG PO HANDS NO/MIN INJURY,13988
BATTERY,AGGRAVATED DOMESTIC BATTERY: KNIFE/CUTTING INST,13514
DECEPTIVE PRACTICE,COUNTERFEITING DOCUMENT,13114
ROBBERY,ARMED: OTHER DANGEROUS WEAPON,12996
NARCOTICS,MANU/DEL:CANNABIS OVER 10 GMS,12501
OTHER OFFENSE,OTHER CRIME INVOLVING PROPERTY,12316
GAMBLING,GAME/DICE,12284
ROBBERY,ARMED:KNIFE/CUTTING INSTRUMENT,12261
THEFT,ATTEMPT THEFT,12182
ROBBERY,AGGRAVATED VEHICULAR HIJACKING,12115
NARCOTICS,MANU/DEL:CANNABIS 10GM OR LESS,11952
MOTOR VEHICLE THEFT,ATT: AUTOMOBILE,11641
HOMICIDE,FIRST DEGREE MURDER,11592
SEX OFFENSE,CRIMINAL SEXUAL ABUSE,10321
ROBBERY,ATTEMPT: STRONGARM-NO WEAPON,10231
OFFENSE INVOLVING CHILDREN,OTHER OFFENSE,10165
WEAPONS VIOLATION,UNLAWFUL POSSESSION - HANDGUN,10115
NARCOTICS,POSSESSION OF DRUG EQUIPMENT,9119
DECEPTIVE PRACTICE,THEFT OF LOST/MISLAID PROP,8867
DECEPTIVE PRACTICE,COUNTERFEIT CHECK,8626
WEAPONS VIOLATION,UNLAWFUL USE OTHER DANG WEAPON,8613
ROBBERY,ATTEMPT: ARMED-HANDGUN,8529
OTHER OFFENSE,VEHICLE TITLE/REG OFFENSE,8504
ARSON,BY FIRE,8418
OTHER OFFENSE,OTHER CRIME AGAINST PERSON,8326
ASSAULT,AGGRAVATED - HANDGUN,8138
OTHER OFFENSE,LICENSE VIOLATION,8055
SEX OFFENSE,PUBLIC INDECENCY,7819
OTHER OFFENSE,OTHER WEAPONS VIOLATION,7637
WEAPONS VIOLATION,RECKLESS FIREARM DISCHARGE,7541
OFFENSE INVOLVING CHILDREN,ENDANGERING LIFE/HEALTH CHILD,7093
PUBLIC PEACE VIOLATION,BOMB THREAT,6872
INTERFERENCE WITH PUBLIC OFFICER,OBSTRUCTING IDENTIFICATION,6829
ASSAULT,AGG PO HANDS NO/MIN INJURY,6601
BATTERY,AGGRAVATED - HANDGUN,6323
ROBBERY,VEHICULAR HIJACKING,6233
INTERFERENCE WITH PUBLIC OFFICER,RESIST/OBSTRUCT/DISARM OFFICER,6222
CRIMINAL DAMAGE,TO STATE SUP PROP,5896
BURGLARY,HOME INVASION,5866
SEX OFFENSE,AGG CRIMINAL SEXUAL ABUSE,5701
OTHER OFFENSE,PAROLE VIOLATION,5288
ROBBERY,ARMED - HANDGUN,5236
MOTOR VEHICLE THEFT,"CYCLE, SCOOTER, BIKE W-VIN",5200
DECEPTIVE PRACTICE,"THEFT BY LESSEE,MOTOR VEH",5183
BATTERY,AGG: HANDS/FIST/FEET NO/MINOR INJURY,5152
PUBLIC PEACE VIOLATION,ARSON THREAT,4849
OTHER OFFENSE,SEX OFFENDER: FAIL REG NEW ADD,4846
LIQUOR LAW VIOLATION,ILLEGAL CONSUMPTION BY MINOR,4668
NARCOTICS,ATTEMPT POSSESSION CANNABIS,4619
BATTERY,AGGRAVATED DOMESTIC BATTERY: HANDS/FIST/FEET SERIOUS INJURY,4541
DECEPTIVE PRACTICE,ATTEMPT - FINANCIAL IDENTITY THEFT,4529
CRIM SEXUAL ASSAULT,AGGRAVATED: OTHER,4470
OTHER OFFENSE,SEX OFFENDER: FAIL TO REGISTER,4358
WEAPONS VIOLATION,UNLAWFUL USE HANDGUN,4232
OTHER OFFENSE,OBSCENE TELEPHONE CALLS,4192
NARCOTICS,POSS: HALLUCINOGENS,4076
NARCOTICS,FORFEIT PROPERTY,4057
NARCOTICS,POSS: SYNTHETIC DRUGS,3938
OFFENSE INVOLVING CHILDREN,CHILD ABDUCTION,3845
ROBBERY,STRONG ARM - NO WEAPON,3826
NARCOTICS,POSS: PCP,3804
INTIMIDATION,INTIMIDATION,3633
NARCOTICS,POSS: HEROIN(BRN/TAN),3518
OFFENSE INVOLVING CHILDREN,AGG CRIM SEX ABUSE FAM MEMBER,3467
LIQUOR LAW VIOLATION,LIQUOR LICENSE VIOLATION,3439
OTHER OFFENSE,ANIMAL ABUSE/NEGLECT,3433
STALKING,SIMPLE,3413
BATTERY,AGGRAVATED - OTHER DANGEROUS WEAPON,3327
LIQUOR LAW VIOLATION,ILLEGAL POSSESSION BY MINOR,3227
LIQUOR LAW VIOLATION,SELL/GIVE/DEL LIQUOR TO MINOR,3196
BATTERY,AGGRAVATED OF A SENIOR CITIZEN,3099
THEFT,ATTEMPT FINANCIAL IDENTITY THEFT,2955
OFFENSE INVOLVING CHILDREN,AGG SEX ASSLT OF CHILD FAM MBR,2946
THEFT,AGG: FINANCIAL ID THEFT,2901
WEAPONS VIOLATION,UNLAWFUL POSS OTHER FIREARM,2846
DECEPTIVE PRACTICE,STOLEN PROP: BUY/RECEIVE/POS.,2836
MOTOR VEHICLE THEFT,"THEFT/RECOVERY: TRUCK,BUS,MHOME",2828
CRIMINAL SEXUAL ASSAULT,NON-AGGRAVATED,2742
CRIM SEXUAL ASSAULT,PREDATORY,2735
NARCOTICS,MANU/DELIVER:COCAINE,2688
PUBLIC PEACE VIOLATION,FALSE POLICE REPORT,2547
BATTERY,AGG: HANDS/FIST/FEET SERIOUS INJURY,2482
KIDNAPPING,CHILD ABDUCTION/STRANGER,2463
WEAPONS VIOLATION,UNLAWFUL USE/SALE AIR RIFLE,2460
ASSAULT,AGGRAVATED - KNIFE / CUTTING INSTRUMENT,2403
INTERFERENCE WITH PUBLIC OFFICER,OBSTRUCTING JUSTICE,2401
PROSTITUTION,CALL OPERATION,2367
ROBBERY,ATTEMPT: ARMED-KNIFE/CUT INSTR,2246
DECEPTIVE PRACTICE,COMPUTER FRAUD,2203
PROSTITUTION,SOLICIT FOR PROSTITUTE,2189
OFFENSE INVOLVING CHILDREN,CRIM SEX ABUSE BY FAM MEMBER,2144
WEAPONS VIOLATION,POSS FIREARM/AMMO:NO FOID CARD,2116
ASSAULT,AGGRAVATED: OTHER FIREARM,2113
KIDNAPPING,UNLAWFUL INTERFERE/VISITATION,2113
BATTERY,AGGRAVATED DOMESTIC BATTERY - OTHER DANGEROUS WEAPON,2072
OTHER OFFENSE,PROBATION VIOLATION,2062
ROBBERY,ATTEMPT: ARMED-OTHER DANG WEAP,2045
ARSON,AGGRAVATED,2012
ARSON,ATTEMPT ARSON,1996
DECEPTIVE PRACTICE,FINAN EXPLOIT-ELDERLY/DISABLED,1990
NARCOTICS,POSSESS - HEROIN (WHITE),1982
PUBLIC PEACE VIOLATION,OTHER VIOLATION,1965
NARCOTICS,POSS: BARBITUATES,1853
ASSAULT,AGGRAVATED - OTHER DANGEROUS WEAPON,1809
OTHER OFFENSE,GUN OFFENDER: ANNUAL REGISTRATION,1694
CRIM SEXUAL ASSAULT,AGGRAVATED: HANDGUN,1672
BATTERY,AGGRAVATED PO: OTHER DANG WEAP,1624
NARCOTICS,ALTER/FORGE PRESCRIPTION,1604
WEAPONS VIOLATION,UNLAWFUL POSS AMMUNITION,1601
BATTERY,AGGRAVATED DOMESTIC BATTERY,1546
BATTERY,AGGRAVATED - KNIFE / CUTTING INSTRUMENT,1529
DECEPTIVE PRACTICE,EMBEZZLEMENT,1524
PUBLIC PEACE VIOLATION,MOB ACTION,1513
OFFENSE INVOLVING CHILDREN,SEX ASSLT OF CHILD BY FAM MBR,1478
BATTERY,AGG PRO.EMP: OTHER DANG WEAPON,1449
DECEPTIVE PRACTICE,UNLAWFUL USE OF RECORDED SOUND,1400
ROBBERY,ARMED: OTHER FIREARM,1381
OFFENSE INVOLVING CHILDREN,CHILD PORNOGRAPHY,1359
BATTERY,AGGRAVATED: OTHER FIREARM,1324
CRIM SEXUAL ASSAULT,ATTEMPT NON-AGGRAVATED,1312
BATTERY,"AGG. DOMESTIC BATTERY - HANDS, FISTS, FEET, SERIOUS INJURY",1306
ASSAULT,AGGRAVATED PO: OTHER DANG WEAP,1267
BATTERY,AGGRAVATED DOMESTIC BATTERY - KNIFE / CUTTING INSTRUMENT,1213
KIDNAPPING,UNLAWFUL RESTRAINT,1193
PUBLIC PEACE VIOLATION,FALSE FIRE ALARM,1175
PUBLIC PEACE VIOLATION,PEEPING TOM,1158
MOTOR VEHICLE THEFT,"ATT: TRUCK, BUS, MOTOR HOME",1157
ASSAULT,AGG PRO.EMP: OTHER DANG WEAPON,1150
THEFT,FROM COIN-OP MACHINE/DEVICE,1117
NARCOTICS,MANUFACTURE / DELIVER -  HEROIN (WHITE),1074
CRIM SEXUAL ASSAULT,AGGRAVATED: KNIFE/CUT INSTR,1033
MOTOR VEHICLE THEFT,THEFT / RECOVERY - AUTOMOBILE,1028
DECEPTIVE PRACTICE,IMPERSONATION,1024
DECEPTIVE PRACTICE,DECEPTIVE COLLECTION PRACTICES,1001
ROBBERY,ATTEMPT: AGGRAVATED,986
ASSAULT,AGGRAVATED PO: HANDGUN,983
THEFT,DELIVERY CONTAINER THEFT,982
NARCOTICS,SALE/DEL HYPODERMIC NEEDLE,969
OTHER OFFENSE,GUN OFFENDER: DUTY TO REGISTER,969
NARCOTICS,POSSESS - CRACK,961
OFFENSE INVOLVING CHILDREN,CHILD ABANDONMENT,947
DECEPTIVE PRACTICE,ILLEGAL POSSESSION CASH CARD,942
DECEPTIVE PRACTICE,AGGRAVATED FINANCIAL IDENTITY THEFT,927
WEAPONS VIOLATION,UNLAWFUL USE - HANDGUN,927
NARCOTICS,POS: HYPODERMIC NEEDLE,924
SEX OFFENSE,OTHER,919
BATTERY,AGGRAVATED OF A CHILD,903
SEX OFFENSE,SEXUAL EXPLOITATION OF A CHILD,900
BATTERY,"AGGRAVATED P.O. - HANDS, FISTS, FEET, NO / MINOR INJURY",898
SEX OFFENSE,ATT CRIM SEXUAL ABUSE,883
NARCOTICS,POSSESS - CANNABIS MORE THAN 30 GRAMS,877
OFFENSE INVOLVING CHILDREN,AGGRAVATED CRIMINAL SEXUAL ABUSE BY FAMILY MEMBER,849
INTERFERENCE WITH PUBLIC OFFICER,INTERFERENCE JUDICIAL PROCESS,844
CRIMINAL DAMAGE,INSTITUTIONAL VANDALISM,839
PROSTITUTION,PATRONIZING A PROSTITUTE,812
OTHER OFFENSE,POSSESSION OF BURGLARY TOOLS,801
NARCOTICS,POSS: METHAMPHETAMINES,762
NARCOTICS,MANU/DELIVER: HEROIN(BRN/TAN),750
NARCOTICS,POSS: AMPHETAMINES,727
GAMBLING,GAME/AMUSEMENT DEVICE,726
WEAPONS VIOLATION,UNLAWFUL USE OTHER FIREARM,725
OFFENSE INVOLVING CHILDREN,AGGRAVATED SEXUAL ASSAULT OF CHILD BY FAMILY MEMBER,724
KIDNAPPING,KIDNAPPING,693
NARCOTICS,MANUFACTURE / DELIVER - CANNABIS OVER 10 GRAMS,691
NARCOTICS,CRIMINAL DRUG CONSPIRACY,672
NARCOTICS,MANU/DELIVER: HALLUCINOGEN,672
OTHER OFFENSE,VIO BAIL BOND: DOM VIOLENCE,670
SEX OFFENSE,INDECENT SOLICITATION/CHILD,658
OTHER OFFENSE,VIOLATION OF CIVIL NO CONTACT ORDER,642
INTIMIDATION,EXTORTION,634
ROBBERY,ATTEMPT ARMED - HANDGUN,629
CRIMINAL SEXUAL ASSAULT,AGGRAVATED - OTHER,628
BATTERY,"PROTECTED EMPLOYEE - HANDS, FISTS, FEET, NO / MINOR INJURY",605
DECEPTIVE PRACTICE,THEFT OF LABOR / SERVICES,603
ROBBERY,ARMED - KNIFE / CUTTING INSTRUMENT,600
WEAPONS VIOLATION,UNLAWFUL USE - OTHER FIREARM,599
OFFENSE INVOLVING CHILDREN,CONTRIBUTE DELINQUENCY OF A CHILD,598
GAMBLING,OTHER,585
INTERFERENCE WITH PUBLIC OFFICER,OBSTRUCTING SERVICE,579
CRIMINAL TRESPASS,TO AIRPORT,576
OTHER OFFENSE,FALSE / STOLEN / ALTERED TRP,570
ASSAULT,AGGRAVATED PO:KNIFE/CUT INSTR,569
ASSAULT,AGG PRO.EMP:KNIFE/CUTTING INST,559
OFFENSE INVOLVING CHILDREN,ENDANGERING LIFE / HEALTH OF CHILD,526
NARCOTICS,POSSESS - COCAINE,525
ROBBERY,ARMED - OTHER DANGEROUS WEAPON,520
NARCOTICS,MANUFACTURE / DELIVER - CRACK,506
DECEPTIVE PRACTICE,UNLAWFUL USE OF A COMPUTER,502
BATTERY,AGG PRO EMP HANDS SERIOUS INJ,500
DECEPTIVE PRACTICE,"THEFT BY LESSEE,NON-VEH",494
NARCOTICS,MANU/DELIVER:SYNTHETIC DRUGS,490
OTHER OFFENSE,TAMPER WITH MOTOR VEHICLE,487
SEX OFFENSE,AGGRAVATED CRIMINAL SEXUAL ABUSE,486
BATTERY,AGG PO HANDS ETC SERIOUS INJ,482
OBSCENITY,OBSCENE MATTER,475
OTHER OFFENSE,VEHICLE TITLE / REGISTRATION OFFENSE,461
NARCOTICS,MANU/DELIVER:PCP,458
DECEPTIVE PRACTICE,UNAUTHORIZED VIDEOTAPING,456
ROBBERY,ATTEMPT STRONG ARM - NO WEAPON,453
CRIMINAL SEXUAL ASSAULT,PREDATORY,452
KIDNAPPING,AGGRAVATED,439
DECEPTIVE PRACTICE,THEFT OF LOST / MISLAID PROPERTY,438
MOTOR VEHICLE THEFT,"CYCLE, SCOOTER, BIKE WITH VIN",437
ASSAULT,"PROTECTED EMPLOYEE - HANDS, FISTS, FEET, NO / MINOR INJURY",433
DECEPTIVE PRACTICE,"THEFT BY LESSEE, MOTOR VEHICLE",427
PROSTITUTION,OTHER PROSTITUTION OFFENSE,421
OTHER OFFENSE,GUN OFFENDER: DUTY TO REPORT CHANGE OF INFORMATION,416
PUBLIC PEACE VIOLATION,LOOTING,408
CRIMINAL DAMAGE,TO FIRE FIGHT.APP.EQUIP,392
NARCOTICS,POSSESS - CANNABIS 30 GRAMS OR LESS,388
ASSAULT,AGG PRO.EMP: HANDGUN,388
GAMBLING,GAME/CARDS,377
INTERFERENCE WITH PUBLIC OFFICER,ESCAPE,377
NARCOTICS,POSS: HEROIN(BLACK TAR),372
NARCOTICS,CANNABIS PLANT,370
SEX OFFENSE,NON-CONSENSUAL DISSEMINATION OF PRIVATE SEXUAL IMAGES,370
BATTERY,AGGRAVATED DOMESTIC BATTERY: HANDGUN,364
NARCOTICS,POSSESS - SYNTHETIC DRUGS,351
GAMBLING,ILLEGAL ILL LOTTERY,349
CONCEALED CARRY LICENSE VIOLATION,PROHIBITED PLACES,330
STALKING,CYBERSTALKING,328
DECEPTIVE PRACTICE,UNIDENTIFIABLE RECORDING SOUND,314
OTHER OFFENSE,GUN OFFENDER - ANNUAL REGISTRATION,310
STALKING,VIOLATION OF STALKING NO CONTACT ORDER,307
BATTERY,AGGRAVATED PO: HANDGUN,305
OFFENSE INVOLVING CHILDREN,CRIMINAL SEXUAL ABUSE BY FAMILY MEMBER,298
CRIM SEXUAL ASSAULT,AGGRAVATED: OTHER DANG WEAPON,295
OTHER OFFENSE,SEX OFFENDER - FAIL TO REGISTER,295
ROBBERY,ATTEMPT: ARMED-OTHER FIREARM,293
OTHER OFFENSE,ANIMAL FIGHTING,292
BATTERY,"AGGRAVATED - HANDS, FISTS, FEET, NO / MINOR INJURY",286
INTERFERENCE WITH PUBLIC OFFICER,RESIST / OBSTRUCT / DISARM OFFICER,275
DECEPTIVE PRACTICE,PAY TV SERVICE OFFENSES,271
OTHER OFFENSE,SEX OFFENDER - FAIL TO REGISTER NEW ADDRESS,271
CONCEALED CARRY LICENSE VIOLATION,OTHER,270
OFFENSE INVOLVING CHILDREN,HARBOR RUNAWAY,268
PROSTITUTION,SOLICIT OFF PUBLIC WAY,256
CRIM SEXUAL ASSAULT,ATTEMPT AGG: OTHER,255
NARCOTICS,MANU/DELIVER:BARBITUATES,255
OFFENSE INVOLVING CHILDREN,SEXUAL ASSAULT OF CHILD BY FAMILY MEMBER,255
MOTOR VEHICLE THEFT,ATTEMPT - AUTOMOBILE,254
OTHER OFFENSE,VIOLENT OFFENDER: ANNUAL REGISTRATION,248
SEX OFFENSE,NON-CONSENSUAL DISSEMINATION PRIVATE SEXUAL IMAGES,243
CONCEALED CARRY LICENSE VIOLATION,ARMED WHILE UNDER THE INFLUENCE,241
ASSAULT,AGGRAVATED - OTHER FIREARM,241
BATTERY,"AGGRAVATED - HANDS, FISTS, FEET, SERIOUS INJURY",237
BATTERY,AGGRAVATED PO: KNIFE/CUT INSTR,230
WEAPONS VIOLATION,UNLAWFUL SALE HANDGUN,228
ASSAULT,"AGGRAVATED POLICE OFFICER - HANDS, FISTS, FEET, NO INJURY",219
OTHER OFFENSE,SEX OFFENDER: PROHIBITED ZONE,206
NARCOTICS,SOLICIT NARCOTICS ON PUBLIC WAY,203
MOTOR VEHICLE THEFT,"THEFT/RECOVERY: CYCLE, SCOOTER, BIKE W-VIN",199
NARCOTICS,POSSESS - BARBITURATES,196
OTHER OFFENSE,BOARD PLANE WITH WEAPON,193
NARCOTICS,POSSESS - HALLUCINOGENS,190
BATTERY,AGG PRO.EMP:KNIFE/CUTTING INST,189
OTHER OFFENSE,FIREARM REGISTRATION VIOLATION,189
PUBLIC INDECENCY,LICENSED PREMISE,188
CRIMINAL SEXUAL ASSAULT,AGGRAVATED - HANDGUN,184
MOTOR VEHICLE THEFT,"CYCLE, SCOOTER, BIKE NO VIN",179
BATTERY,AGGRAVATED POLICE OFFICER - OTHER DANGEROUS WEAPON,177
CRIM SEXUAL ASSAULT,ATTEMPT AGG: KNIFE/CUT INSTR,176
NARCOTICS,POSSESSION: SYNTHETIC MARIJUANA,175
DECEPTIVE PRACTICE,FINANCIAL EXPLOITATION OF AN ELDERLY OR DISABLED PERSON,174
INTERFERENCE WITH PUBLIC OFFICER,BRIBERY,162
SEX OFFENSE,ATT AGG CRIMINAL SEXUAL ABUSE,159
WEAPONS VIOLATION,UNLAWFUL SALE/DELIVERY OF FIREARM AT SCHOOL,153
OTHER OFFENSE,VIOLATION GPS MONITORING DEVICE,151
CRIM SEXUAL ASSAULT,ATTEMPT AGG: HANDGUN,151
STALKING,AGGRAVATED,148
OTHER OFFENSE,OTHER ARSON/EXPLOSIVE INCIDENT,147
OTHER OFFENSE,ANIMAL ABUSE / NEGLECT,146
CRIMINAL DAMAGE,TO STATE SUPPORTED PROPERTY,145
WEAPONS VIOLATION,UNLAWFUL POSSESSION - OTHER FIREARM,143
OTHER NARCOTIC VIOLATION,INTOXICATING COMPOUNDS,140
OBSCENITY,SALE/DIST OBSCENE MAT TO MINOR,140
NARCOTICS,POSS: LOOK-ALIKE DRUGS,137
NARCOTICS,MANU/DELIVER:AMPHETAMINES,137
SEX OFFENSE,CRIMINAL TRANSMISSION OF HIV,137
BATTERY,AGGRAVATED DOMESTIC BATTERY: OTHER FIREARM,136
OTHER OFFENSE,ABUSE/NEGLECT: CARE FACILITY,133
OFFENSE INVOLVING CHILDREN,CONTRIBUTE CRIM DELINQUENCY JUVENILE,131
OTHER OFFENSE,GUN OFFENDER - DUTY TO REGISTER,129
BATTERY,AGG PRO.EMP: HANDGUN,128
NARCOTICS,SALE/DEL DRUG PARAPHERNALIA,124
ASSAULT,AGGRAVATED POLICE OFFICER - HANDGUN,124
ROBBERY,ATTEMPT ARMED - KNIFE / CUTTING INSTRUMENT,124
ARSON,BY EXPLOSIVE,122
CRIMINAL SEXUAL ASSAULT,ATTEMPT NON-AGGRAVATED,120
WEAPONS VIOLATION,UNLAWFUL POSSESSION - AMMUNITION,117
OTHER OFFENSE,VIOLENT OFFENDER: DUTY TO REGISTER,117
DECEPTIVE PRACTICE,INSURANCE FRAUD,115
NARCOTICS,POSSESS - HEROIN (TAN / BROWN TAR),113
PROSTITUTION,KEEP PLACE OF PROSTITUTION,113
PUBLIC PEACE VIOLATION,PUBLIC DEMONSTRATION,112
NON-CRIMINAL,LOST PASSPORT,111
NARCOTICS,MANU/DELIVER: METHAMPHETAMINES,110
NARCOTICS,POSSESS - PCP,109
OBSCENITY,OBSCENITY,109
NARCOTICS,MANUFACTURE / DELIVER - CANNABIS 10 GRAMS OR LESS,107
ROBBERY,ATTEMPT AGGRAVATED,105
BATTERY,AGGRAVATED PROTECTED EMPLOYEE - OTHER DANGEROUS WEAPON,104
MOTOR VEHICLE THEFT,"ATTEMPT: CYCLE, SCOOTER, BIKE W-VIN",103
OTHER OFFENSE,EAVESDROPPING,103
NARCOTICS,POSSESS - METHAMPHETAMINE,101
PROSTITUTION,PIMPING,98
OTHER OFFENSE,MONEY LAUNDERING,96
CRIMINAL SEXUAL ASSAULT,AGGRAVATED - KNIFE / CUTTING INSTRUMENT,92
WEAPONS VIOLATION,POSSESS FIREARM / AMMUNITION - NO FOID CARD,91
OTHER OFFENSE,HAZARDOUS MATERIALS VIOLATION,91
GAMBLING,BOOKMAKING/SPORTS,91
BATTERY,OF UNBORN CHILD,90
INTIMIDATION,COMPELLING ORG MEMBERSHIP,90
WEAPONS VIOLATION,UNLAWFUL SALE OTHER FIREARM,89
ASSAULT,AGG PRO.EMP: OTHER FIREARM,89
WEAPONS VIOLATION,UNLAWFUL USE - OTHER DANGEROUS WEAPON,88
ASSAULT,AGGRAVATED POLICE OFFICER - OTHER DANGEROUS WEAPON,87
PROSTITUTION,PANDERING,84
NARCOTICS,MANU/DELIVER:LOOK-ALIKE DRUG,83
ASSAULT,AGGRAVATED PO: OTHER FIREARM,83
ARSON,POS: EXPLOSIVE/INCENDIARY DEV,83
BATTERY,"AGGRAVATED P.O. - HANDS, FISTS, FEET, SERIOUS INJURY",83
KIDNAPPING,FORCIBLE DETENTION,82
ROBBERY,ARMED - OTHER FIREARM,82
DECEPTIVE PRACTICE,STOLEN PROPERTY BUY / RECEIVE / POSSESS,80
SEX OFFENSE,INDECENT SOLICITATION/ADULT,80
OFFENSE INVOLVING CHILDREN,POS: PORNOGRAPHIC PRINT,79
ROBBERY,ATTEMPT ARMED - OTHER DANGEROUS WEAPON,78
CRIMINAL DAMAGE,LIBRARY VANDALISM,76
ASSAULT,AGGRAVATED PROTECTED EMPLOYEE - OTHER DANGEROUS WEAPON,74
LIQUOR LAW VIOLATION,MINOR MISREPRESENT AGE,71
NARCOTICS,POSSESS - AMPHETAMINES,67
NARCOTICS,DEL CONT SUBS TO PERSON <18,65
GAMBLING,WIREROOM/SPORTS,64
NARCOTICS,MANU/DELIVER:HEROIN(BLACK TAR),61
HOMICIDE,RECKLESS HOMICIDE,60
NARCOTICS,MANUFACTURE / DELIVER - COCAINE,59
OTHER OFFENSE,VIOLENT OFFENDER: FAIL TO REGISTER NEW ADDRESS,59
BATTERY,"AGG. PROTECTED EMPLOYEE - HANDS, FISTS, FEET, SERIOUS INJURY",58
BATTERY,AGGRAVATED DOMESTIC BATTERY - HANDGUN,58
ASSAULT,AGGRAVATED PROTECTED EMPLOYEE - HANDGUN,58
BATTERY,AGGRAVATED OF A UNBORN CHILD,56
PUBLIC PEACE VIOLATION,SELL/ADVERTISE FIREWORKS,56
SEX OFFENSE,ATTEMPT CRIMINAL SEXUAL ABUSE,54
OTHER OFFENSE,VIOLENT OFFENDER - ANNUAL REGISTRATION,53
HUMAN TRAFFICKING,COMMERCIAL SEX ACTS,52
DECEPTIVE PRACTICE,LIBRARY THEFT,51
SEX OFFENSE,INDECENT SOLICITATION OF A CHILD,50
INTERFERENCE WITH PUBLIC OFFICER,OFFICIAL MISCONDUCT,49
CRIM SEXUAL ASSAULT,ATTEMPT AGG: OTHER DANG WEAPON,48
KIDNAPPING,CHILD ABDUCTION / STRANGER,48
NARCOTICS,DELIVER CANNABIS TO PERSON <18,47
SEX OFFENSE,SEX RELATION IN FAMILY,46
NARCOTICS,MANUFACTURE / DELIVER - SYNTHETIC DRUGS,44
OTHER OFFENSE,VIOLATION OF SMOKING BAN,43
PROSTITUTION,IN TAVERN,42
ASSAULT,AGGRAVATED PROTECTED EMPLOYEE - KNIFE / CUTTING INSTRUMENT,41
WEAPONS VIOLATION,DEFACE IDENT MARKS OF FIREARM,40
ARSON,POS: CHEMICAL/DRY-ICE DEVICE,40
KIDNAPPING,UNLAWFUL VISITATION INTERFERENCE,40
MOTOR VEHICLE THEFT,"THEFT / RECOVERY - TRUCK, BUS, MOBILE HOME",39
NON - CRIMINAL,FOID - REVOCATION,38
NON-CRIMINAL,FOID - REVOCATION,38
NARCOTICS,MANUFACTURE / DELIVER - HALLUCINOGEN,37
OTHER OFFENSE,VIOLATION OF BAIL BOND - DOMESTIC VIOLENCE,36
CRIM SEXUAL ASSAULT,AGGRAVATED: OTHER FIREARM,34
NARCOTICS,MANU/POSS. W/INTENT TO DELIVER: SYNTHETIC MARIJUANA,33
OTHER OFFENSE,COMPOUNDING A CRIME,33
BATTERY,AGGRAVATED - OTHER FIREARM,33
DECEPTIVE PRACTICE,POSS. KEYS OR DEV.TO COIN MACH,32
OTHER OFFENSE,GUN OFFENDER - DUTY TO REPORT CHANGE OF INFORMATION,32
NARCOTICS,CONT SUBS:FAIL TO MAINT RECORD,31
SEX OFFENSE,BIGAMY,31
CRIMINAL SEXUAL ASSAULT,AGGRAVATED - OTHER DANGEROUS WEAPON,31
HUMAN TRAFFICKING,INVOLUNTARY SERVITUDE,30
OFFENSE INVOLVING CHILDREN,SALE TOBACCO PRODUCTS TO MINOR,30
BATTERY,AGG PRO.EMP: OTHER FIREARM,29
NARCOTICS,MANUFACTURE / DELIVER - HEROIN (TAN / BROWN TAR),28
INTIMIDATION,EDUCATIONAL INTIMIDAITON,28
OBSCENITY,SALE / DISTRIBUTE OBSCENE MATERIAL TO MINOR,28
LIQUOR LAW VIOLATION,SELL / GIVE / DELIVER LIQUOR TO MINOR,28
DECEPTIVE PRACTICE,AGGRAVATED COMPUTER TAMPERING,27
ASSAULT,AGGRAVATED POLICE OFFICER - KNIFE / CUTTING INSTRUMENT,27
OTHER OFFENSE,INTERFERE W/ HIGHER EDUCATION,27
BATTERY,AGGRAVATED PO: OTHER FIREARM,26
INTERFERENCE WITH PUBLIC OFFICER,CONCEALING/AIDING A FUGITIVE,26
GAMBLING,BOOKMAKING/HORSES,25
ROBBERY,ATTEMPT ARMED - OTHER FIREARM,25
PUBLIC PEACE VIOLATION,INTERFERE W/ EMERGENCY EQUIP,25
OTHER OFFENSE,ABUSE / NEGLECT - CARE FACILITY,24
NARCOTICS,MANUFACTURE / DELIVER - PCP,24
WEAPONS VIOLATION,UNLAWFUL USE / SALE OF AIR RIFLE,23
GAMBLING,BOLITA OR BOLI PUL/RUNNER,23
PROSTITUTION,CAB OPERATION,22
GAMBLING,WIREROOM/HORSES,21
CRIMINAL SEXUAL ASSAULT,ATTEMPT AGGRAVATED - OTHER,21
BATTERY,AGGRAVATED OF AN UNBORN CHILD,20
INTERFERENCE WITH PUBLIC OFFICER,REFUSING TO AID AN OFFICER,20
OTHER OFFENSE,ARSONIST: ANNUAL REGISTRATION,19
PROSTITUTION,JUVENILE PIMPING,19
THEFT,FROM COIN-OPERATED MACHINE OR DEVICE,18
OTHER OFFENSE,VIOLENT OFFENDER - DUTY TO REGISTER,18
OFFENSE INVOLVING CHILDREN,CONTRIBUTE TO THE DELINQUENCY OF CHILD,18
MOTOR VEHICLE THEFT,"THEFT / RECOVERY - CYCLE, SCOOTER, BIKE WITH VIN",17
NARCOTICS,ALTER / FORGE PRESCRIPTION,17
OFFENSE INVOLVING CHILDREN,POSSESSION OF PORNOGRAPHIC PRINT,17
OTHER OFFENSE,OTHER ARSON / EXPLOSIVE INCIDENT,16
GAMBLING,VIOL CHARITABLE GAME ACT,16
INTERFERENCE WITH PUBLIC OFFICER,AIDING ARRESTEE ESCAPE,16
BATTERY,AGGRAVATED POLICE OFFICER - HANDGUN,15
THEFT,$300 AND UNDER,15
NARCOTICS,MANUFACTURE / DELIVER - BARBITURATES,14
OTHER OFFENSE,VIOLATION OF SUMMARY CLOSURE,14
GAMBLING,BOLITA OR BOLI PUL/WRITER,14
THEFT,OVER $300,13
DECEPTIVE PRACTICE,"THEFT BY LESSEE, NON-MOTOR VEHICLE",13
ARSON,POSSESSION - EXPLOSIVE / INCENDIARY DEVICE,13
SEX OFFENSE,FORNICATION,13
MOTOR VEHICLE THEFT,"THEFT/RECOVERY: CYCLE, SCOOTER, BIKE NO VIN",12
BATTERY,AGGRAVATED PROTECTED EMPLOYEE - KNIFE / CUTTING INSTRUMENT,12
CRIMINAL SEXUAL ASSAULT,ATTEMPT AGGRAVATED - HANDGUN,12
NON-CRIMINAL,CONCEALED CARRY LICENSE REVOCATION,12
NARCOTICS,MANUFACTURE / DELIVER - METHAMPHETAMINE,11
PROSTITUTION,PATRONIZE JUVENILE PROSTITUTE,10
PUBLIC PEACE VIOLATION,ARMED VIOLENCE,10
LIQUOR LAW VIOLATION,EMPLOY MINOR,10
NARCOTICS,POSSESS - HEROIN (BLACK TAR),9
BATTERY,OF AN UNBORN CHILD,9
OTHER OFFENSE,VIOLENT OFFENDER - FAIL TO REGISTER NEW ADDRESS,9
OTHER OFFENSE,UNLAWFUL USE OF BODY ARMOR,9
NON-CRIMINAL (SUBJECT SPECIFIED),NOTIFICATION OF CIVIL NO CONTACT ORDER,9
GAMBLING,BOLITA OR BOLI PUL/OFFICE,9
SEX OFFENSE,SEXUAL RELATIONS IN FAMILY,9
SEX OFFENSE,ATTEMPT AGGRAVATED CRIMINAL SEXUAL ABUSE,9
NARCOTICS,FAILURE TO KEEP HYPO RECORDS,8
WEAPONS VIOLATION,DEFACE IDENTIFICATION MARKS OF FIREARM,8
NON-CRIMINAL,NOTIFICATION OF STALKING - NO CONTACT ORDER,8
INTIMIDATION,INTIMIDATION OF LAW ENFORCEMENT OFFICIAL,8
INTIMIDATION,COMPELLING CONFESSION,8
BATTERY,AGGRAVATED POLICE OFFICER - KNIFE / CUTTING INSTRUMENT,8
MOTOR VEHICLE THEFT,"ATTEMPT: CYCLE, SCOOTER, BIKE NO VIN",7
NARCOTICS,MANUFACTURE / DELIVER - AMPHETAMINES,7
SEX OFFENSE,INDECENT SOLICITATION OF AN ADULT,7
NARCOTICS,SALE / DELIVER - DRUG PARAPHERNALIA,6
NARCOTICS,CALCULATED CANNABIS CONSPIRACY,6
DECEPTIVE PRACTICE,ALTER COINS,6
WEAPONS VIOLATION,UNLAWFUL SALE - HANDGUN,6
GAMBLING,LOTTERY/OTHER,6
GAMBLING,LOTTERY/PARLAY CARDS,6
SEX OFFENSE,ATT AGG CRIM SEXUAL ABUSE,6
SEX OFFENSE,ADULTRY,6
INTERFERENCE WITH PUBLIC OFFICER,CONTRABAND IN PRISON,6
OFFENSE INVOLVING CHILDREN,CONTRIBUTE TO THE CRIMINAL DELINQUENCY OF CHILD,6
CRIMINAL SEXUAL ASSAULT,ATTEMPT AGGRAVATED - KNIFE / CUTTING INSTRUMENT,6
MOTOR VEHICLE THEFT,"ATTEMPT - CYCLE, SCOOTER, BIKE WITH VIN",5
MOTOR VEHICLE THEFT,"ATTEMPT - TRUCK, BUS, MOTOR HOME",5
WEAPONS VIOLATION,REGISTER OF SALES BY DEALER,5
OTHER OFFENSE,ARSONIST - ANNUAL REGISTRATION,5
HOMICIDE,INVOLUNTARY MANSLAUGHTER,5
PROSTITUTION,SOLICITING FOR A PROSTITUTE,5
RITUALISM,AGG RITUAL MUT:HANDGUN,5
RITUALISM,AGG RIT MUT: HANDS/FIST/FEET SERIOUS INJURY,5
RITUALISM,AGG RITUAL MUT:KNIFE/CUTTING I,5
PUBLIC PEACE VIOLATION,INTERFERE WITH EMERGENCY EQUIPMENT,5
RITUALISM,AGG RITUAL MUT:OTH DANG WEAPON,5
NARCOTICS,FAIL REGISTER LIC:CONT SUBS,5
ASSAULT,AGGRAVATED PROTECTED EMPLOYEE - OTHER FIREARM,4
WEAPONS VIOLATION,UNLAWFUL SALE - OTHER FIREARM,4
WEAPONS VIOLATION,USE OF METAL PIERCING BULLETS,4
OTHER OFFENSE,ARSONIST: DUTY TO REGISTER,4
OTHER OFFENSE,ARSONIST: FAIL TO REGISTER NEW ADDRESS,4
GAMBLING,POLICY/OTHER,4
PROSTITUTION,SOLICITING FOR BUSINESS,4
NON-CRIMINAL,FOUND PASSPORT,4
ROBBERY,STRONGARM: NO WEAPON,4
CRIM SEXUAL ASSAULT,ATTEMPT AGG: OTHER FIREARM,3
BATTERY,AGGRAVATED PROTECTED EMPLOYEE - HANDGUN,3
BATTERY,AGGRAVATED DOMESTIC BATTERY: OTHER DANGEROUS WEAPON,3
NARCOTICS,MANUFACTURE / DELIVER - SYNTHETIC MARIJUANA,3
ASSAULT,AGGRAVATED POLICE OFFICER - OTHER FIREARM,3
BATTERY,AGGRAVATED: OTHER DANGEROUS WEAPON,3
NON-CRIMINAL,GUN OFFENDER NOTIFICATION-NO CONTACT,3
OFFENSE INVOLVING CHILDREN,SALE OF TOBACCO PRODUCTS TO MINOR,3
CRIMINAL SEXUAL ASSAULT,AGGRAVATED - OTHER FIREARM,3
RITUALISM,AGG RIT MUT: HANDS/FIST/FEET NO/MINOR INJURY,3
THEFT,FINANCIAL IDENTITY THEFT: OVER $300,2
BATTERY,AGGRAVATED POLICE OFFICER - OTHER FIREARM,2
BATTERY,AGGRAVATED DOMESTIC BATTERY: KNIFE / CUTTING INSTSTRUMENT,2
WEAPONS VIOLATION,UNLAWFUL SALE - DELIVERY OF FIREARM AT SCHOOL,2
GAMBLING,NATIONAL LOTTERY,2
GAMBLING,REGISTER FED GAMBLING STAMP,2
SEX OFFENSE,MARRYING A BIGAMIST,2
CRIMINAL SEXUAL ASSAULT,ATTEMPT AGGRAVATED - OTHER DANGEROUS WEAPON,2
NARCOTICS,MANUFACTURE / DELIVER - HEROIN (BLACK TAR),2
PUBLIC PEACE VIOLATION,SELL / ADVERTISE FIREWORKS,2
MOTOR VEHICLE THEFT,"ATTEMPT - CYCLE, SCOOTER, BIKE NO VIN",1
BATTERY,PROTECTED EMPLOYEE: HANDS NO / MIN INJURY,1
BATTERY,AGGRAVATED: KNIFE / CUTTING INSTRUMENT,1
BATTERY,AGGRAVATED: HANDS / FIST / FEET NO / MINOR INJURY,1
BATTERY,AGGRAVATED PO: OTHER DANGEROUS WEAPON,1
BATTERY,AGGRAVATED DOMESTIC BATTERY - OTHER FIREARM,1
OTHER OFFENSE,DISCLOSE DOMESTIC VIOLENCE VICTIM LOCATION,1
OTHER OFFENSE,DISCLOSE DV VICTIM LOCATION,1
OTHER OFFENSE,ARSONIST - FAIL TO REGISTER NEW ADDRESS,1
BATTERY,AGGRAVATED: HANDS / FIST / FEET SERIOUS INJURY,1
THEFT,THEFT RETAIL,1
GAMBLING,GAME / AMUSEMENT DEVICE,1
PROSTITUTION,KEEP PLACE OF JUV PROSTITUTION,1
GAMBLING,SPORTS TAMPERING,1
GAMBLING,LOTTERY/PARI-MUTUEL,1
CRIMINAL SEXUAL ASSAULT,AGGRAVATED: KNIFE / CUTTING INSTRUMENT,1
RITUALISM,"AGG. RITUAL MUTILATION - HANDS, FISTS, FEET, SERIOUS INJURY",1
OBSCENITY,SALE OF OBSCENE MATERIALS,1
NARCOTICS,DELIVER CANNABIS TO PERSON UNDER 18,1
ROBBERY,ATTEMPT STRONG ARM: NO WEAPON,1
ROBBERY,ATTEMPT ARMED: HANDGUN,1
DOMESTIC VIOLENCE,DOMESTIC VIOLENCE,1